LineId,Date,Time,Pid,Level,Component,Content,EventId,EventTemplate
5,81109,204106,329,INFO,dfs.DataNode$PacketResponder,PacketResponder 2 for block blk_-6670958622368987959 terminating,E10,PacketResponder <*> for block <*> terminating
8,81109,204453,34,INFO,dfs.FSNamesystem,BLOCK* NameSystem.addStoredBlock: blockMap updated: 10.250.11.85:50010 is added to blk_2377150260128098806 size 67108864,E6,BLOCK* NameSystem.addStoredBlock: blockMap updated: <*>:<*> is added to <*> size <*>
16,81109,205035,28,INFO,dfs.FSNamesystem,BLOCK* NameSystem.allocateBlock: /user/root/rand/_temporary/_task_200811092030_0001_m_000590_0/part-00590. blk_-1727475099218615100,E7,BLOCK* NameSystem.allocateBlock: <*> <*>
17,81109,205056,710,INFO,dfs.DataNode$PacketResponder,PacketResponder 1 for block blk_5017373558217225674 terminating,E10,PacketResponder <*> for block <*> terminating
20,81109,205409,28,INFO,dfs.FSNamesystem,BLOCK* NameSystem.addStoredBlock: blockMap updated: 10.251.111.130:50010 is added to blk_4568434182693165548 size 67108864,E6,BLOCK* NameSystem.addStoredBlock: blockMap updated: <*>:<*> is added to <*> size <*>
23,81109,205739,29,INFO,dfs.FSNamesystem,BLOCK* NameSystem.addStoredBlock: blockMap updated: 10.251.38.197:50010 is added to blk_8763662564934652249 size 67108864,E6,BLOCK* NameSystem.addStoredBlock: blockMap updated: <*>:<*> is added to <*> size <*>
27,81109,205754,952,INFO,dfs.DataNode$PacketResponder,Received block blk_8291449241650212794 of size 67108864 from /10.251.89.155,E11,Received block <*> of size <*> from <*>
29,81109,205931,13,INFO,dfs.DataBlockScanner,Verification succeeded for blk_-4980916519894289629,E14,Verification succeeded for <*>
33,81109,210407,33,INFO,dfs.FSNamesystem,BLOCK* NameSystem.addStoredBlock: blockMap updated: 10.250.7.244:50010 is added to blk_5165786360127153975 size 67108864,E6,BLOCK* NameSystem.addStoredBlock: blockMap updated: <*>:<*> is added to <*> size <*>
34,81109,210458,1278,INFO,dfs.DataNode$DataXceiver,Receiving block blk_2937758977269298350 src: /10.251.194.129:37476 dest: /10.251.194.129:50010,E13,Receiving block <*> src: <*>:<*> dest: <*>:<*>
37,81109,210656,1334,INFO,dfs.DataNode$PacketResponder,Received block blk_-2094397855762091248 of size 67108864 from /10.251.126.83,E11,Received block <*> of size <*> from <*>
49,81109,211353,1574,INFO,dfs.DataNode$PacketResponder,PacketResponder 0 for block blk_7791237942696729620 terminating,E10,PacketResponder <*> for block <*> terminating
54,81109,211918,1777,INFO,dfs.DataNode$PacketResponder,PacketResponder 1 for block blk_4886940526690879848 terminating,E10,PacketResponder <*> for block <*> terminating
59,81109,212317,34,INFO,dfs.FSNamesystem,BLOCK* NameSystem.allocateBlock: /user/root/rand/_temporary/_task_200811092030_0001_m_001866_0/part-01866. blk_-1282453782148343691,E7,BLOCK* NameSystem.allocateBlock: <*> <*>
60,81109,212338,2007,INFO,dfs.DataNode$PacketResponder,Received block blk_-518701095493827363 of size 67108864 from /10.251.214.67,E11,Received block <*> of size <*> from <*>
62,81109,212440,31,INFO,dfs.FSNamesystem,BLOCK* NameSystem.addStoredBlock: blockMap updated: 10.251.198.196:50010 is added to blk_427714267500527780 size 67108864,E6,BLOCK* NameSystem.addStoredBlock: blockMap updated: <*>:<*> is added to <*> size <*>
67,81109,213028,2206,INFO,dfs.DataNode$PacketResponder,Received block blk_3777400576053320362 of size 67108864 from /10.251.31.5,E11,Received block <*> of size <*> from <*>
70,81109,213436,13,INFO,dfs.DataBlockScanner,Verification succeeded for blk_-2827716238972737794,E14,Verification succeeded for <*>
71,81109,213506,2421,INFO,dfs.DataNode$DataXceiver,Receiving block blk_-3509323198988774369 src: /10.250.6.214:52922 dest: /10.250.6.214:50010,E13,Receiving block <*> src: <*>:<*> dest: <*>:<*>
74,81109,213847,2552,INFO,dfs.DataNode$DataXceiver,10.251.194.213:50010 Served block blk_-7724713468912166542 to /10.251.203.80,E1,<*>:<*> Served block <*> to <*>
78,81109,214043,2561,WARN,dfs.DataNode$DataXceiver,10.251.30.85:50010:Got exception while serving blk_-2918118818249673980 to /10.251.90.64:,E3,<*>:<*>:Got exception while serving <*> to <*>:
80,81109,214524,2633,INFO,dfs.DataNode$DataXceiver,10.251.71.68:50010 Served block blk_-2794533871450434534 to /10.251.199.150,E1,<*>:<*> Served block <*> to <*>
84,81109,215136,2868,WARN,dfs.DataNode$DataXceiver,10.251.199.19:50010:Got exception while serving blk_8466246428293623262 to /10.251.106.37:,E3,<*>:<*>:Got exception while serving <*> to <*>:
92,81109,221151,3361,WARN,dfs.DataNode$DataXceiver,10.250.10.144:50010:Got exception while serving blk_5126469776250053435 to /10.250.11.100:,E3,<*>:<*>:Got exception while serving <*> to <*>:
94,81109,222041,3390,WARN,dfs.DataNode$DataXceiver,10.251.67.113:50010:Got exception while serving blk_-62891505109755100 to /10.250.7.96:,E3,<*>:<*>:Got exception while serving <*> to <*>:
101,81109,224420,3666,WARN,dfs.DataNode$DataXceiver,10.251.73.188:50010:Got exception while serving blk_7517964792804498202 to /10.250.6.191:,E3,<*>:<*>:Got exception while serving <*> to <*>:
104,81109,232200,3856,INFO,dfs.DataNode$PacketResponder,Received block blk_-6867873931012347356 of size 67108864 from /10.251.39.64,E11,Received block <*> of size <*> from <*>
123,81109,234112,4136,INFO,dfs.DataNode$DataXceiver,Receiving block blk_-8562334328670278932 src: /10.251.194.147:46714 dest: /10.251.194.147:50010,E13,Receiving block <*> src: <*>:<*> dest: <*>:<*>
125,81109,234512,4223,INFO,dfs.DataNode$PacketResponder,PacketResponder 0 for block blk_-7640601843607665080 terminating,E10,PacketResponder <*> for block <*> terminating
132,81109,234728,27,INFO,dfs.FSNamesystem,BLOCK* NameSystem.addStoredBlock: blockMap updated: 10.250.5.237:50010 is added to blk_-476906696485288376 size 67108864,E6,BLOCK* NameSystem.addStoredBlock: blockMap updated: <*>:<*> is added to <*> size <*>
136,81109,235030,31,INFO,dfs.FSNamesystem,BLOCK* NameSystem.addStoredBlock: blockMap updated: 10.250.7.244:50010 is added to blk_-6956067134432991406 size 67108864,E6,BLOCK* NameSystem.addStoredBlock: blockMap updated: <*>:<*> is added to <*> size <*>
143,81109,235426,4327,INFO,dfs.DataNode$PacketResponder,Received block blk_-562725280853087685 of size 67108864 from /10.251.91.84,E11,Received block <*> of size <*> from <*>
144,81109,235609,4400,INFO,dfs.DataNode$PacketResponder,PacketResponder 1 for block blk_4568377692254637284 terminating,E10,PacketResponder <*> for block <*> terminating
148,81109,235904,4520,INFO,dfs.DataNode$DataXceiver,Receiving block blk_-522892190802801712 src: /10.251.74.134:39584 dest: /10.251.74.134:50010,E13,Receiving block <*> src: <*>:<*> dest: <*>:<*>
153,81110,136,4627,INFO,dfs.DataNode$PacketResponder,PacketResponder 1 for block blk_-7656610147924319419 terminating,E10,PacketResponder <*> for block <*> terminating
156,81110,319,4568,INFO,dfs.DataNode$DataXceiver,Receiving block blk_-8255732027871411321 src: /10.251.39.179:33950 dest: /10.251.39.179:50010,E13,Receiving block <*> src: <*>:<*> dest: <*>:<*>
160,81110,657,4822,INFO,dfs.DataNode$PacketResponder,Received block blk_-5309211894896608429 of size 67108864 from /10.251.202.181,E11,Received block <*> of size <*> from <*>
173,81110,2221,4855,INFO,dfs.DataNode$PacketResponder,PacketResponder 0 for block blk_3259872359515191972 terminating,E10,PacketResponder <*> for block <*> terminating
174,81110,2223,4824,INFO,dfs.DataNode$PacketResponder,PacketResponder 1 for block blk_5963816136267066159 terminating,E10,PacketResponder <*> for block <*> terminating
175,81110,2253,34,INFO,dfs.FSNamesystem,BLOCK* NameSystem.allocateBlock: /user/root/sortrand/_temporary/_task_200811092030_0002_r_000138_0/part-00138. blk_-210021574616486609,E7,BLOCK* NameSystem.allocateBlock: <*> <*>
180,81110,4247,33,INFO,dfs.FSNamesystem,BLOCK* NameSystem.addStoredBlock: blockMap updated: 10.251.39.242:50010 is added to blk_-4110733372292809607 size 67108864,E6,BLOCK* NameSystem.addStoredBlock: blockMap updated: <*>:<*> is added to <*> size <*>
182,81110,10438,4917,INFO,dfs.DataNode$DataXceiver,Receiving block blk_-6543889749770222531 src: /10.251.107.98:56224 dest: /10.251.107.98:50010,E13,Receiving block <*> src: <*>:<*> dest: <*>:<*>
185,81110,10543,35,INFO,dfs.FSNamesystem,BLOCK* NameSystem.allocateBlock: /user/root/randtxt/_temporary/_task_200811092030_0003_m_000382_0/part-00382. blk_8935202950442998446,E7,BLOCK* NameSystem.allocateBlock: <*> <*>
196,81110,11133,5157,INFO,dfs.DataNode$PacketResponder,Received block blk_-7007208336332784130 of size 67108864 from /10.251.27.63,E11,Received block <*> of size <*> from <*>
211,81110,12245,5396,INFO,dfs.DataNode$PacketResponder,PacketResponder 0 for block blk_-9161369067334198861 terminating,E10,PacketResponder <*> for block <*> terminating
212,81110,12351,5301,INFO,dfs.DataNode$PacketResponder,Received block blk_-1094025072435547068 of size 67108864 from /10.251.66.3,E11,Received block <*> of size <*> from <*>
213,81110,12357,5523,INFO,dfs.DataNode$PacketResponder,Received block blk_6534693994677948144 of size 67108864 from /10.251.201.204,E11,Received block <*> of size <*> from <*>
214,81110,12426,5538,INFO,dfs.DataNode$DataXceiver,Receiving block blk_7672124247291403094 src: /10.251.66.3:55531 dest: /10.251.66.3:50010,E13,Receiving block <*> src: <*>:<*> dest: <*>:<*>
217,81110,12835,5558,INFO,dfs.DataNode$PacketResponder,PacketResponder 0 for block blk_-8093500164295459838 terminating,E10,PacketResponder <*> for block <*> terminating
221,81110,13220,5704,INFO,dfs.DataNode$PacketResponder,PacketResponder 1 for block blk_4774656339381154282 terminating,E10,PacketResponder <*> for block <*> terminating
233,81110,13721,35,INFO,dfs.FSNamesystem,BLOCK* NameSystem.addStoredBlock: blockMap updated: 10.251.73.220:50010 is added to blk_3073404534069578592 size 67108864,E6,BLOCK* NameSystem.addStoredBlock: blockMap updated: <*>:<*> is added to <*> size <*>
242,81110,14145,30,INFO,dfs.FSNamesystem,BLOCK* NameSystem.addStoredBlock: blockMap updated: 10.251.201.204:50010 is added to blk_9072829105973334075 size 67108864,E6,BLOCK* NameSystem.addStoredBlock: blockMap updated: <*>:<*> is added to <*> size <*>
247,81110,14421,33,INFO,dfs.FSNamesystem,BLOCK* NameSystem.addStoredBlock: blockMap updated: 10.251.107.196:50010 is added to blk_6828121630547887549 size 67108864,E6,BLOCK* NameSystem.addStoredBlock: blockMap updated: <*>:<*> is added to <*> size <*>
253,81110,14727,29,INFO,dfs.FSNamesystem,BLOCK* NameSystem.allocateBlock: /user/root/randtxt/_temporary/_task_200811092030_0003_m_001597_0/part-01597. blk_-591552904934794824,E7,BLOCK* NameSystem.allocateBlock: <*> <*>
258,81110,14953,5959,INFO,dfs.DataNode$PacketResponder,PacketResponder 1 for block blk_6465095458973828118 terminating,E10,PacketResponder <*> for block <*> terminating
263,81110,15334,5970,INFO,dfs.DataNode$PacketResponder,PacketResponder 0 for block blk_3070718541088657475 terminating,E10,PacketResponder <*> for block <*> terminating
268,81110,15607,6086,INFO,dfs.DataNode$PacketResponder,Received block blk_892900079071425422 of size 67108864 from /10.251.73.188,E11,Received block <*> of size <*> from <*>
273,81110,15740,6116,INFO,dfs.DataNode$PacketResponder,Received block blk_-2020273862360001901 of size 67108864 from /10.250.7.244,E11,Received block <*> of size <*> from <*>
279,81110,20011,6037,INFO,dfs.DataNode$PacketResponder,PacketResponder 0 for block blk_-9198375937828232046 terminating,E10,PacketResponder <*> for block <*> terminating
282,81110,20140,6146,INFO,dfs.DataNode$PacketResponder,Received block blk_4029732570544915384 of size 67108864 from /10.251.35.1,E11,Received block <*> of size <*> from <*>
289,81110,20458,28,INFO,dfs.FSNamesystem,BLOCK* NameSystem.addStoredBlock: blockMap updated: 10.250.7.230:50010 is added to blk_4984720043834039361 size 67108864,E6,BLOCK* NameSystem.addStoredBlock: blockMap updated: <*>:<*> is added to <*> size <*>
295,81110,24834,6371,INFO,dfs.DataNode$DataXceiver,10.251.126.227:50010 Served block blk_-8306714721294235181 to /10.251.126.227,E1,<*>:<*> Served block <*> to <*>
296,81110,30331,6561,WARN,dfs.DataNode$DataXceiver,10.251.42.191:50010:Got exception while serving blk_-8023826090828946372 to /10.251.214.130:,E3,<*>:<*>:Got exception while serving <*> to <*>:
300,81110,35357,6606,INFO,dfs.DataNode$DataXceiver,10.251.71.97:50010 Served block blk_5454332143498402824 to /10.250.15.67,E1,<*>:<*> Served block <*> to <*>
306,81110,54642,7145,INFO,dfs.DataNode$DataXceiver,10.251.215.16:50010 Served block blk_-5919767990596301121 to /10.251.215.16,E1,<*>:<*> Served block <*> to <*>
311,81110,70334,7327,INFO,dfs.DataNode$DataXceiver,10.251.111.37:50010 Served block blk_-6050976999174805557 to /10.251.111.37,E1,<*>:<*> Served block <*> to <*>
318,81110,72121,7820,INFO,dfs.DataNode$DataXceiver,10.251.123.99:50010 Served block blk_5385121219895615240 to /10.251.71.146,E1,<*>:<*> Served block <*> to <*>
320,81110,80546,7970,WARN,dfs.DataNode$DataXceiver,10.251.111.130:50010:Got exception while serving blk_3169060243663461885 to /10.251.214.32:,E3,<*>:<*>:Got exception while serving <*> to <*>:
322,81110,80718,7850,INFO,dfs.DataNode$DataXceiver,10.250.10.100:50010 Served block blk_-3657665801189425193 to /10.250.10.100,E1,<*>:<*> Served block <*> to <*>
323,81110,80724,8080,INFO,dfs.DataNode$DataXceiver,10.251.74.79:50010 Served block blk_-3457731723401426942 to /10.251.74.79,E1,<*>:<*> Served block <*> to <*>
326,81110,80922,7633,INFO,dfs.DataNode$DataXceiver,10.251.203.246:50010 Served block blk_365496398062338141 to /10.251.203.246,E1,<*>:<*> Served block <*> to <*>
328,81110,81044,8125,WARN,dfs.DataNode$DataXceiver,10.251.123.1:50010:Got exception while serving blk_-272707591443354058 to /10.251.198.33:,E3,<*>:<*>:Got exception while serving <*> to <*>:
329,81110,81054,8108,WARN,dfs.DataNode$DataXceiver,10.251.90.239:50010:Got exception while serving blk_-8679916835272129336 to /10.250.15.198:,E3,<*>:<*>:Got exception while serving <*> to <*>:
331,81110,81515,8312,WARN,dfs.DataNode$DataXceiver,10.251.31.5:50010:Got exception while serving blk_6332892729727950039 to /10.251.123.1:,E3,<*>:<*>:Got exception while serving <*> to <*>:
332,81110,81643,8095,INFO,dfs.DataNode$DataXceiver,10.251.195.52:50010 Served block blk_6655622109568310643 to /10.251.195.52,E1,<*>:<*> Served block <*> to <*>
334,81110,81741,8169,WARN,dfs.DataNode$DataXceiver,10.251.215.70:50010:Got exception while serving blk_-20269367189114433 to /10.251.30.179:,E3,<*>:<*>:Got exception while serving <*> to <*>:
370,81110,103030,34,INFO,dfs.FSNamesystem,BLOCK* NameSystem.delete: blk_413552235254424009 is added to invalidSet of 10.251.35.1:50010,E8,BLOCK* NameSystem.delete: <*> is added to invalidSet of <*>:<*>
376,81110,103037,34,INFO,dfs.FSNamesystem,BLOCK* NameSystem.delete: blk_-1331750856499198500 is added to invalidSet of 10.251.38.53:50010,E8,BLOCK* NameSystem.delete: <*> is added to invalidSet of <*>:<*>
377,81110,103038,34,INFO,dfs.FSNamesystem,BLOCK* NameSystem.delete: blk_-3792836284792472725 is added to invalidSet of 10.251.106.50:50010,E8,BLOCK* NameSystem.delete: <*> is added to invalidSet of <*>:<*>
379,81110,103040,34,INFO,dfs.FSNamesystem,BLOCK* NameSystem.delete: blk_4438674026376140804 is added to invalidSet of 10.251.106.50:50010,E8,BLOCK* NameSystem.delete: <*> is added to invalidSet of <*>:<*>
386,81110,103049,34,INFO,dfs.FSNamesystem,BLOCK* NameSystem.delete: blk_6855535886504612774 is added to invalidSet of 10.251.70.211:50010,E8,BLOCK* NameSystem.delete: <*> is added to invalidSet of <*>:<*>
391,81110,103056,30,INFO,dfs.FSNamesystem,BLOCK* NameSystem.delete: blk_6763863888784019261 is added to invalidSet of 10.251.70.37:50010,E8,BLOCK* NameSystem.delete: <*> is added to invalidSet of <*>:<*>
406,81110,103117,30,INFO,dfs.FSNamesystem,BLOCK* NameSystem.delete: blk_-3582070652284403613 is added to invalidSet of 10.250.10.213:50010,E8,BLOCK* NameSystem.delete: <*> is added to invalidSet of <*>:<*>
416,81110,103141,30,INFO,dfs.FSNamesystem,BLOCK* NameSystem.delete: blk_-5972745462629982078 is added to invalidSet of 10.251.31.5:50010,E8,BLOCK* NameSystem.delete: <*> is added to invalidSet of <*>:<*>
421,81110,103147,30,INFO,dfs.FSNamesystem,BLOCK* NameSystem.delete: blk_-2589662411410634043 is added to invalidSet of 10.251.42.16:50010,E8,BLOCK* NameSystem.delete: <*> is added to invalidSet of <*>:<*>
432,81110,103328,19,INFO,dfs.FSDataset,Deleting block blk_8303413189200230139 file /mnt/hadoop/dfs/data/current/subdir32/blk_8303413189200230139,E9,Deleting block <*> file <*>
434,81110,103333,9016,INFO,dfs.DataNode$PacketResponder,Received block blk_4263664068073345850 of size 67108864 from /10.251.214.67,E11,Received block <*> of size <*> from <*>
437,81110,103343,27,INFO,dfs.FSNamesystem,BLOCK* NameSystem.allocateBlock: /user/root/rand/_temporary/_task_200811101024_0001_m_000206_0/part-00206. blk_-2230892279625104430,E7,BLOCK* NameSystem.allocateBlock: <*> <*>
438,81110,103347,19,INFO,dfs.FSDataset,Deleting block blk_-7515058933811567980 file /mnt/hadoop/dfs/data/current/subdir1/blk_-7515058933811567980,E9,Deleting block <*> file <*>
439,81110,103348,19,INFO,dfs.FSDataset,Deleting block blk_-8484827087450439270 file /mnt/hadoop/dfs/data/current/subdir25/blk_-8484827087450439270,E9,Deleting block <*> file <*>
445,81110,103430,19,INFO,dfs.FSDataset,Deleting block blk_-4368236874477798428 file /mnt/hadoop/dfs/data/current/subdir33/blk_-4368236874477798428,E9,Deleting block <*> file <*>
448,81110,103442,19,INFO,dfs.FSDataset,Deleting block blk_-5880591395067598620 file /mnt/hadoop/dfs/data/current/subdir32/blk_-5880591395067598620,E9,Deleting block <*> file <*>
449,81110,103442,19,INFO,dfs.FSDataset,Deleting block blk_-7096508472270520039 file /mnt/hadoop/dfs/data/current/subdir20/blk_-7096508472270520039,E9,Deleting block <*> file <*>
454,81110,103533,18,INFO,dfs.FSDataset,Deleting block blk_826351419727053015 file /mnt/hadoop/dfs/data/current/subdir6/blk_826351419727053015,E9,Deleting block <*> file <*>
455,81110,103533,19,INFO,dfs.FSDataset,Deleting block blk_-3437475890798229344 file /mnt/hadoop/dfs/data/current/subdir57/blk_-3437475890798229344,E9,Deleting block <*> file <*>
460,81110,103551,19,INFO,dfs.FSDataset,Deleting block blk_8291708741145026623 file /mnt/hadoop/dfs/data/current/subdir57/blk_8291708741145026623,E9,Deleting block <*> file <*>
463,81110,103554,18,INFO,dfs.FSDataset,Deleting block blk_-2445347158368483245 file /mnt/hadoop/dfs/data/current/subdir30/blk_-2445347158368483245,E9,Deleting block <*> file <*>
475,81110,103631,19,INFO,dfs.FSDataset,Deleting block blk_-1111344660779690782 file /mnt/hadoop/dfs/data/current/subdir40/blk_-1111344660779690782,E9,Deleting block <*> file <*>
476,81110,103631,19,INFO,dfs.FSDataset,Deleting block blk_3585588704565901062 file /mnt/hadoop/dfs/data/current/subdir15/blk_3585588704565901062,E9,Deleting block <*> file <*>
494,81110,103812,9115,INFO,dfs.DataNode$PacketResponder,Received block blk_-5668584889663038916 of size 67108864 from /10.250.9.207,E11,Received block <*> of size <*> from <*>
498,81110,103827,26,INFO,dfs.FSNamesystem,BLOCK* NameSystem.addStoredBlock: blockMap updated: 10.251.75.49:50010 is added to blk_-3684613761619321001 size 67108864,E6,BLOCK* NameSystem.addStoredBlock: blockMap updated: <*>:<*> is added to <*> size <*>
506,81110,104231,8978,INFO,dfs.DataNode$DataXceiver,Receiving block blk_2972699288862031202 src: /10.250.5.161:51077 dest: /10.250.5.161:50010,E13,Receiving block <*> src: <*>:<*> dest: <*>:<*>
517,81110,104847,32,INFO,dfs.FSNamesystem,BLOCK* NameSystem.addStoredBlock: blockMap updated: 10.251.39.144:50010 is added to blk_-6592952246351162022 size 67108864,E6,BLOCK* NameSystem.addStoredBlock: blockMap updated: <*>:<*> is added to <*> size <*>
519,81110,105000,19,INFO,dfs.FSDataset,Deleting block blk_-1347057913082589493 file /mnt/hadoop/dfs/data/current/subdir56/blk_-1347057913082589493,E9,Deleting block <*> file <*>
520,81110,105149,9274,INFO,dfs.DataNode$DataXceiver,Receiving block blk_-8198423074054354279 src: /10.251.203.149:46429 dest: /10.251.203.149:50010,E13,Receiving block <*> src: <*>:<*> dest: <*>:<*>
521,81110,105203,9267,INFO,dfs.DataNode$PacketResponder,PacketResponder 0 for block blk_391813102554451063 terminating,E10,PacketResponder <*> for block <*> terminating
523,81110,105252,9416,INFO,dfs.DataNode$DataXceiver,Receiving block blk_-8563999607069929505 src: /10.251.107.19:60076 dest: /10.251.107.19:50010,E13,Receiving block <*> src: <*>:<*> dest: <*>:<*>
524,81110,105345,19,INFO,dfs.FSDataset,Deleting block blk_-4304240611296196935 file /mnt/hadoop/dfs/data/current/subdir55/blk_-4304240611296196935,E9,Deleting block <*> file <*>
530,81110,105628,19,INFO,dfs.FSDataset,Deleting block blk_5075966182561035053 file /mnt/hadoop/dfs/data/current/subdir53/blk_5075966182561035053,E9,Deleting block <*> file <*>
536,81110,110059,9428,INFO,dfs.DataNode$PacketResponder,Received block blk_6746178639682808096 of size 67108864 from /10.251.125.174,E11,Received block <*> of size <*> from <*>
539,81110,110208,9551,INFO,dfs.DataNode$PacketResponder,Received block blk_2063252936853409868 of size 67108864 from /10.251.43.192,E11,Received block <*> of size <*> from <*>
543,81110,110827,9664,INFO,dfs.DataNode$PacketResponder,PacketResponder 1 for block blk_3318864983801406136 terminating,E10,PacketResponder <*> for block <*> terminating
550,81110,111229,9504,INFO,dfs.DataNode$PacketResponder,Received block blk_-2856928563366064757 of size 67108864 from /10.251.42.9,E11,Received block <*> of size <*> from <*>
551,81110,111248,9723,INFO,dfs.DataNode$PacketResponder,PacketResponder 2 for block blk_8348114876238571434 terminating,E10,PacketResponder <*> for block <*> terminating
559,81110,111647,9920,INFO,dfs.DataNode$PacketResponder,PacketResponder 1 for block blk_-1751996688557225241 terminating,E10,PacketResponder <*> for block <*> terminating
563,81110,111807,29,INFO,dfs.FSNamesystem,BLOCK* NameSystem.addStoredBlock: blockMap updated: 10.251.67.113:50010 is added to blk_8988793695103110546 size 67108864,E6,BLOCK* NameSystem.addStoredBlock: blockMap updated: <*>:<*> is added to <*> size <*>
565,81110,111909,31,INFO,dfs.FSNamesystem,BLOCK* NameSystem.addStoredBlock: blockMap updated: 10.251.123.99:50010 is added to blk_-2600305892036631113 size 67108864,E6,BLOCK* NameSystem.addStoredBlock: blockMap updated: <*>:<*> is added to <*> size <*>
566,81110,111958,26,INFO,dfs.FSNamesystem,BLOCK* NameSystem.addStoredBlock: blockMap updated: 10.251.107.19:50010 is added to blk_-2144263949276079479 size 3547172,E6,BLOCK* NameSystem.addStoredBlock: blockMap updated: <*>:<*> is added to <*> size <*>
571,81110,112310,9858,INFO,dfs.DataNode$DataXceiver,Receiving block blk_4783621682384104986 src: /10.251.193.224:52556 dest: /10.251.193.224:50010,E13,Receiving block <*> src: <*>:<*> dest: <*>:<*>
573,81110,112448,27,INFO,dfs.FSNamesystem,BLOCK* NameSystem.addStoredBlock: blockMap updated: 10.251.111.228:50010 is added to blk_-5012639079435860269 size 67108864,E6,BLOCK* NameSystem.addStoredBlock: blockMap updated: <*>:<*> is added to <*> size <*>
578,81110,112653,10042,INFO,dfs.DataNode$PacketResponder,Received block blk_120277101968534224 of size 67108864 from /10.251.122.65,E11,Received block <*> of size <*> from <*>
579,81110,112716,9992,INFO,dfs.DataNode$DataXceiver,Receiving block blk_7535677865140289610 src: /10.251.26.131:47660 dest: /10.251.26.131:50010,E13,Receiving block <*> src: <*>:<*> dest: <*>:<*>
583,81110,113017,10093,INFO,dfs.DataNode$DataXceiver,Receiving block blk_102441832197223997 src: /10.251.123.195:49611 dest: /10.251.123.195:50010,E13,Receiving block <*> src: <*>:<*> dest: <*>:<*>
590,81110,114019,10028,INFO,dfs.DataNode$PacketResponder,PacketResponder 2 for block blk_-1485317050914225917 terminating,E10,PacketResponder <*> for block <*> terminating
594,81110,114231,10363,INFO,dfs.DataNode$DataXceiver,Receiving block blk_-7820996703068538967 src: /10.251.35.1:59569 dest: /10.251.35.1:50010,E13,Receiving block <*> src: <*>:<*> dest: <*>:<*>
595,81110,114309,29,INFO,dfs.FSNamesystem,BLOCK* NameSystem.allocateBlock: /user/root/randtxt2/_temporary/_task_200811101024_0002_m_000299_0/part-00299. blk_4984150784048864430,E7,BLOCK* NameSystem.allocateBlock: <*> <*>
596,81110,114315,10226,INFO,dfs.DataNode$PacketResponder,Received block blk_1646909113279517647 of size 67108864 from /10.251.214.130,E11,Received block <*> of size <*> from <*>
597,81110,114319,33,INFO,dfs.FSNamesystem,BLOCK* NameSystem.addStoredBlock: blockMap updated: 10.251.25.237:50010 is added to blk_-8145226289286457574 size 67108864,E6,BLOCK* NameSystem.addStoredBlock: blockMap updated: <*>:<*> is added to <*> size <*>
601,81110,114449,10421,INFO,dfs.DataNode$DataXceiver,Receiving block blk_-8876879715755468215 src: /10.251.111.80:43834 dest: /10.251.111.80:50010,E13,Receiving block <*> src: <*>:<*> dest: <*>:<*>
605,81110,114717,10303,INFO,dfs.DataNode$PacketResponder,PacketResponder 2 for block blk_-7683667795522321323 terminating,E10,PacketResponder <*> for block <*> terminating
608,81110,115017,31,INFO,dfs.FSNamesystem,BLOCK* NameSystem.addStoredBlock: blockMap updated: 10.251.127.191:50010 is added to blk_1589878256898761558 size 67108864,E6,BLOCK* NameSystem.addStoredBlock: blockMap updated: <*>:<*> is added to <*> size <*>
609,81110,115202,10582,INFO,dfs.DataNode$DataXceiver,Receiving block blk_-2746863406163228797 src: /10.251.39.160:35642 dest: /10.251.39.160:50010,E13,Receiving block <*> src: <*>:<*> dest: <*>:<*>
625,81110,120247,10427,INFO,dfs.DataNode$DataXceiver,Receiving block blk_8942969309743886844 src: /10.251.110.68:58266 dest: /10.251.110.68:50010,E13,Receiving block <*> src: <*>:<*> dest: <*>:<*>
629,81110,120516,31,INFO,dfs.FSNamesystem,BLOCK* NameSystem.addStoredBlock: blockMap updated: 10.251.73.220:50010 is added to blk_3506875694435075421 size 67108864,E6,BLOCK* NameSystem.addStoredBlock: blockMap updated: <*>:<*> is added to <*> size <*>
636,81110,121045,10833,INFO,dfs.DataNode$DataXceiver,Receiving block blk_-7266711648018793699 src: /10.251.31.242:47086 dest: /10.251.31.242:50010,E13,Receiving block <*> src: <*>:<*> dest: <*>:<*>
639,81110,121156,11034,INFO,dfs.DataNode$DataXceiver,Receiving block blk_-7411687001739959508 src: /10.251.122.65:46080 dest: /10.251.122.65:50010,E13,Receiving block <*> src: <*>:<*> dest: <*>:<*>
643,81110,121647,30,INFO,dfs.FSNamesystem,BLOCK* NameSystem.addStoredBlock: blockMap updated: 10.251.91.32:50010 is added to blk_5272761429354463572 size 67108864,E6,BLOCK* NameSystem.addStoredBlock: blockMap updated: <*>:<*> is added to <*> size <*>
644,81110,121711,11025,INFO,dfs.DataNode$PacketResponder,PacketResponder 2 for block blk_-1680563440028826904 terminating,E10,PacketResponder <*> for block <*> terminating
647,81110,121943,29,INFO,dfs.FSNamesystem,BLOCK* NameSystem.allocateBlock: /user/root/randtxt2/_temporary/_task_200811101024_0002_m_001335_0/part-01335. blk_-2541428592126088938,E7,BLOCK* NameSystem.allocateBlock: <*> <*>
659,81110,122648,11281,INFO,dfs.DataNode$DataXceiver,Receiving block blk_-8852638972311349374 src: /10.251.107.227:46913 dest: /10.251.107.227:50010,E13,Receiving block <*> src: <*>:<*> dest: <*>:<*>
663,81110,123008,11210,INFO,dfs.DataNode$PacketResponder,PacketResponder 1 for block blk_-1490623381339215624 terminating,E10,PacketResponder <*> for block <*> terminating
667,81110,123132,11170,INFO,dfs.DataNode$PacketResponder,Received block blk_8968608251219902913 of size 67108864 from /10.251.195.52,E11,Received block <*> of size <*> from <*>
683,81110,125138,11558,WARN,dfs.DataNode$DataXceiver,10.251.42.246:50010:Got exception while serving blk_-3056652732896088330 to /10.251.27.63:,E3,<*>:<*>:Got exception while serving <*> to <*>:
687,81110,130558,11608,INFO,dfs.DataNode$DataXceiver,10.251.39.192:50010 Served block blk_6338761369201338121 to /10.251.90.81,E1,<*>:<*> Served block <*> to <*>
708,81110,143353,12141,INFO,dfs.DataNode$DataXceiver,Receiving block blk_4959462704623252283 src: /10.251.125.174:44166 dest: /10.251.125.174:50010,E13,Receiving block <*> src: <*>:<*> dest: <*>:<*>
720,81110,144035,12577,INFO,dfs.DataNode$PacketResponder,PacketResponder 2 for block blk_727000711161641724 terminating,E10,PacketResponder <*> for block <*> terminating
729,81110,144643,12257,INFO,dfs.DataNode$PacketResponder,Received block blk_-3620767662957963389 of size 67108864 from /10.251.203.179,E11,Received block <*> of size <*> from <*>
733,81110,144947,12810,INFO,dfs.DataNode$DataXceiver,Receiving block blk_-5003122231679852524 src: /10.250.7.230:51033 dest: /10.250.7.230:50010,E13,Receiving block <*> src: <*>:<*> dest: <*>:<*>
736,81110,145114,29,INFO,dfs.FSNamesystem,BLOCK* NameSystem.addStoredBlock: blockMap updated: 10.251.31.242:50010 is added to blk_-5400783031085008882 size 67108864,E6,BLOCK* NameSystem.addStoredBlock: blockMap updated: <*>:<*> is added to <*> size <*>
738,81110,145203,12416,INFO,dfs.DataNode$PacketResponder,PacketResponder 0 for block blk_7533949673910842243 terminating,E10,PacketResponder <*> for block <*> terminating
742,81110,145606,12992,INFO,dfs.DataNode$PacketResponder,Received block blk_7016884347337429710 of size 67108864 from /10.251.194.129,E11,Received block <*> of size <*> from <*>
750,81110,150009,12830,INFO,dfs.DataNode$PacketResponder,PacketResponder 2 for block blk_8285441926344578159 terminating,E10,PacketResponder <*> for block <*> terminating
752,81110,150205,29,INFO,dfs.FSNamesystem,BLOCK* NameSystem.allocateBlock: /user/root/sortrand2/_temporary/_task_200811101024_0003_r_000116_0/part-00116. blk_6749232449432458524,E7,BLOCK* NameSystem.allocateBlock: <*> <*>
753,81110,150238,31,INFO,dfs.FSNamesystem,BLOCK* NameSystem.addStoredBlock: blockMap updated: 10.251.38.197:50010 is added to blk_-5427918313707752877 size 67108864,E6,BLOCK* NameSystem.addStoredBlock: blockMap updated: <*>:<*> is added to <*> size <*>
763,81110,150809,26,INFO,dfs.FSNamesystem,BLOCK* NameSystem.addStoredBlock: blockMap updated: 10.251.214.67:50010 is added to blk_4154740411570608045 size 67108864,E6,BLOCK* NameSystem.addStoredBlock: blockMap updated: <*>:<*> is added to <*> size <*>
768,81110,151307,35,INFO,dfs.FSNamesystem,BLOCK* NameSystem.allocateBlock: /user/root/sortrand2/_temporary/_task_200811101024_0003_r_000152_0/part-00152. blk_-7603795308074215276,E7,BLOCK* NameSystem.allocateBlock: <*> <*>
775,81110,151940,12996,INFO,dfs.DataNode$DataXceiver,Receiving block blk_4742178675580222210 src: /10.251.42.9:60232 dest: /10.251.42.9:50010,E13,Receiving block <*> src: <*>:<*> dest: <*>:<*>
782,81110,153917,13338,INFO,dfs.DataNode$PacketResponder,Received block blk_-7716943410942322104 of size 67108864 from /10.251.126.5,E11,Received block <*> of size <*> from <*>
784,81110,160100,31,INFO,dfs.FSNamesystem,BLOCK* NameSystem.addStoredBlock: blockMap updated: 10.251.70.5:50010 is added to blk_-4092973201423074374 size 67108864,E6,BLOCK* NameSystem.addStoredBlock: blockMap updated: <*>:<*> is added to <*> size <*>
795,81110,175934,12298,WARN,dfs.DataNode$DataXceiver,10.251.107.50:50010:Got exception while serving blk_-4737948505610037427 to /10.251.75.79:,E3,<*>:<*>:Got exception while serving <*> to <*>:
797,81110,190333,13,INFO,dfs.DataBlockScanner,Verification succeeded for blk_1150231966878829887,E14,Verification succeeded for <*>
798,81110,191403,14120,WARN,dfs.DataNode$DataXceiver,10.250.14.196:50010:Got exception while serving blk_2967299761311489673 to /10.251.89.155:,E3,<*>:<*>:Got exception while serving <*> to <*>:
800,81110,193334,14294,WARN,dfs.DataNode$DataXceiver,10.251.39.179:50010:Got exception while serving blk_-8558281124275910849 to /10.251.30.134:,E3,<*>:<*>:Got exception while serving <*> to <*>:
809,81110,210115,28,INFO,dfs.FSNamesystem,BLOCK* NameSystem.delete: blk_-6117917602803602155 is added to invalidSet of 10.251.67.211:50010,E8,BLOCK* NameSystem.delete: <*> is added to invalidSet of <*>:<*>
810,81110,210115,28,INFO,dfs.FSNamesystem,BLOCK* NameSystem.delete: blk_-7584542530081657301 is added to invalidSet of 10.250.10.223:50010,E8,BLOCK* NameSystem.delete: <*> is added to invalidSet of <*>:<*>
811,81110,210118,28,INFO,dfs.FSNamesystem,BLOCK* NameSystem.delete: blk_4640277741339926850 is added to invalidSet of 10.251.26.131:50010,E8,BLOCK* NameSystem.delete: <*> is added to invalidSet of <*>:<*>
817,81110,210126,28,INFO,dfs.FSNamesystem,BLOCK* NameSystem.delete: blk_-3754029959138975487 is added to invalidSet of 10.251.214.112:50010,E8,BLOCK* NameSystem.delete: <*> is added to invalidSet of <*>:<*>
821,81110,210128,28,INFO,dfs.FSNamesystem,BLOCK* NameSystem.delete: blk_7048740572660501729 is added to invalidSet of 10.251.107.98:50010,E8,BLOCK* NameSystem.delete: <*> is added to invalidSet of <*>:<*>
824,81110,210131,28,INFO,dfs.FSNamesystem,BLOCK* NameSystem.delete: blk_7606019272539977822 is added to invalidSet of 10.251.67.211:50010,E8,BLOCK* NameSystem.delete: <*> is added to invalidSet of <*>:<*>
826,81110,210142,28,INFO,dfs.FSNamesystem,BLOCK* NameSystem.delete: blk_-8632488927959646482 is added to invalidSet of 10.251.39.64:50010,E8,BLOCK* NameSystem.delete: <*> is added to invalidSet of <*>:<*>
835,81110,210149,28,INFO,dfs.FSNamesystem,BLOCK* NameSystem.delete: blk_-7693277678281547790 is added to invalidSet of 10.251.30.6:50010,E8,BLOCK* NameSystem.delete: <*> is added to invalidSet of <*>:<*>
839,81110,210153,28,INFO,dfs.FSNamesystem,BLOCK* NameSystem.delete: blk_7094265091490664593 is added to invalidSet of 10.251.71.68:50010,E8,BLOCK* NameSystem.delete: <*> is added to invalidSet of <*>:<*>
844,81110,210243,14482,INFO,dfs.DataNode$PacketResponder,Received block blk_-8214089520956286311 of size 67108864 from /10.251.26.131,E11,Received block <*> of size <*> from <*>
849,81110,210330,19,INFO,dfs.FSDataset,Deleting block blk_7206839389762980382 file /mnt/hadoop/dfs/data/current/subdir61/blk_7206839389762980382,E9,Deleting block <*> file <*>
851,81110,210354,19,INFO,dfs.FSDataset,Deleting block blk_-4598246018559857954 file /mnt/hadoop/dfs/data/current/subdir34/blk_-4598246018559857954,E9,Deleting block <*> file <*>
854,81110,210401,19,INFO,dfs.FSDataset,Deleting block blk_-8617088607862430908 file /mnt/hadoop/dfs/data/current/subdir53/blk_-8617088607862430908,E9,Deleting block <*> file <*>
855,81110,210403,14498,INFO,dfs.DataNode$DataXceiver,Receiving block blk_7347539858784653625 src: /10.250.11.194:46600 dest: /10.250.11.194:50010,E13,Receiving block <*> src: <*>:<*> dest: <*>:<*>
856,81110,210404,19,INFO,dfs.FSDataset,Deleting block blk_7855353385462032387 file /mnt/hadoop/dfs/data/current/subdir41/blk_7855353385462032387,E9,Deleting block <*> file <*>
859,81110,210422,11315,INFO,dfs.DataNode$PacketResponder,Received block blk_-3734839878416656496 of size 67108864 from /10.251.66.102,E11,Received block <*> of size <*> from <*>
864,81110,210449,19,INFO,dfs.FSDataset,Deleting block blk_-4551689611865410817 file /mnt/hadoop/dfs/data/current/blk_-4551689611865410817,E9,Deleting block <*> file <*>
874,81110,210532,19,INFO,dfs.FSDataset,Deleting block blk_22457656256024207 file /mnt/hadoop/dfs/data/current/subdir33/blk_22457656256024207,E9,Deleting block <*> file <*>
879,81110,210542,19,INFO,dfs.FSDataset,Deleting block blk_4162832865986721185 file /mnt/hadoop/dfs/data/current/subdir4/blk_4162832865986721185,E9,Deleting block <*> file <*>
887,81110,210558,19,INFO,dfs.FSDataset,Deleting block blk_8693774866554287286 file /mnt/hadoop/dfs/data/current/subdir55/blk_8693774866554287286,E9,Deleting block <*> file <*>
889,81110,210601,19,INFO,dfs.FSDataset,Deleting block blk_70980361971054326 file /mnt/hadoop/dfs/data/current/subdir27/blk_70980361971054326,E9,Deleting block <*> file <*>
893,81110,210704,19,INFO,dfs.FSDataset,Deleting block blk_8929806114713265094 file /mnt/hadoop/dfs/data/current/subdir1/blk_8929806114713265094,E9,Deleting block <*> file <*>
896,81110,210737,19,INFO,dfs.FSDataset,Deleting block blk_8699831307500970779 file /mnt/hadoop/dfs/data/current/subdir54/blk_8699831307500970779,E9,Deleting block <*> file <*>
899,81110,210837,14418,INFO,dfs.DataNode$PacketResponder,PacketResponder 1 for block blk_3940282600163903101 terminating,E10,PacketResponder <*> for block <*> terminating
903,81110,211109,14620,INFO,dfs.DataNode$DataXceiver,Receiving block blk_995094303184954394 src: /10.251.91.84:35590 dest: /10.251.91.84:50010,E13,Receiving block <*> src: <*>:<*> dest: <*>:<*>
905,81110,211131,14600,INFO,dfs.DataNode$PacketResponder,PacketResponder 1 for block blk_-5680441982827916621 terminating,E10,PacketResponder <*> for block <*> terminating
908,81110,211358,14754,INFO,dfs.DataNode$DataXceiver,Receiving block blk_4149909442914612270 src: /10.251.195.33:55490 dest: /10.251.195.33:50010,E13,Receiving block <*> src: <*>:<*> dest: <*>:<*>
911,81110,211523,14688,INFO,dfs.DataNode$DataXceiver,Receiving block blk_-852118157909078164 src: /10.251.30.101:57254 dest: /10.251.30.101:50010,E13,Receiving block <*> src: <*>:<*> dest: <*>:<*>
919,81110,212139,14759,INFO,dfs.DataNode$PacketResponder,PacketResponder 0 for block blk_2957756905007569214 terminating,E10,PacketResponder <*> for block <*> terminating
922,81110,212249,14727,INFO,dfs.DataNode$PacketResponder,Received block blk_6730979070070986233 of size 67108864 from /10.251.90.239,E11,Received block <*> of size <*> from <*>
923,81110,212258,19,INFO,dfs.FSDataset,Deleting block blk_-468830939205980722 file /mnt/hadoop/dfs/data/current/subdir10/blk_-468830939205980722,E9,Deleting block <*> file <*>
924,81110,212312,15013,INFO,dfs.DataNode$PacketResponder,Received block blk_-7056746602297676104 of size 67108864 from /10.251.39.209,E11,Received block <*> of size <*> from <*>
927,81110,212509,34,INFO,dfs.FSNamesystem,BLOCK* NameSystem.addStoredBlock: blockMap updated: 10.251.123.33:50010 is added to blk_-6442394521537090621 size 67108864,E6,BLOCK* NameSystem.addStoredBlock: blockMap updated: <*>:<*> is added to <*> size <*>
945,81110,213828,15327,INFO,dfs.DataNode$DataXceiver,Receiving block blk_9121519145462575118 src: /10.250.10.223:58281 dest: /10.250.10.223:50010,E13,Receiving block <*> src: <*>:<*> dest: <*>:<*>
947,81110,213854,15334,INFO,dfs.DataNode$DataXceiver,Receiving block blk_-878226404201600469 src: /10.250.7.96:40849 dest: /10.250.7.96:50010,E13,Receiving block <*> src: <*>:<*> dest: <*>:<*>
965,81110,215310,34,INFO,dfs.FSNamesystem,BLOCK* NameSystem.addStoredBlock: blockMap updated: 10.251.105.189:50010 is added to blk_-2035996502664501008 size 67108864,E6,BLOCK* NameSystem.addStoredBlock: blockMap updated: <*>:<*> is added to <*> size <*>
983,81110,220626,34,INFO,dfs.FSNamesystem,BLOCK* NameSystem.delete: blk_8981795097778421111 is added to invalidSet of 10.251.194.129:50010,E8,BLOCK* NameSystem.delete: <*> is added to invalidSet of <*>:<*>
986,81110,220636,32,INFO,dfs.FSNamesystem,BLOCK* NameSystem.delete: blk_6881216037013929188 is added to invalidSet of 10.251.91.32:50010,E8,BLOCK* NameSystem.delete: <*> is added to invalidSet of <*>:<*>
993,81110,220651,32,INFO,dfs.FSNamesystem,BLOCK* NameSystem.delete: blk_1714886759174770356 is added to invalidSet of 10.251.31.5:50010,E8,BLOCK* NameSystem.delete: <*> is added to invalidSet of <*>:<*>
995,81110,220651,32,INFO,dfs.FSNamesystem,BLOCK* NameSystem.delete: blk_8442157310069672329 is added to invalidSet of 10.251.39.64:50010,E8,BLOCK* NameSystem.delete: <*> is added to invalidSet of <*>:<*>
996,81110,220653,32,INFO,dfs.FSNamesystem,BLOCK* NameSystem.delete: blk_-5624558200776510955 is added to invalidSet of 10.251.107.242:50010,E8,BLOCK* NameSystem.delete: <*> is added to invalidSet of <*>:<*>
999,81110,220655,32,INFO,dfs.FSNamesystem,BLOCK* NameSystem.delete: blk_-7369651436133452001 is added to invalidSet of 10.251.127.191:50010,E8,BLOCK* NameSystem.delete: <*> is added to invalidSet of <*>:<*>
1003,81110,220711,30,INFO,dfs.FSNamesystem,BLOCK* NameSystem.allocateBlock: /user/root/randtxt3/_temporary/_task_200811101024_0007_m_000190_0/part-00190. blk_641646158310569454,E7,BLOCK* NameSystem.allocateBlock: <*> <*>
1017,81110,220936,19,INFO,dfs.FSDataset,Deleting block blk_-1598760065436384831 file /mnt/hadoop/dfs/data/current/subdir53/blk_-1598760065436384831,E9,Deleting block <*> file <*>
1025,81110,221343,15521,INFO,dfs.DataNode$PacketResponder,Received block blk_6406847509870023726 of size 67108864 from /10.251.106.50,E11,Received block <*> of size <*> from <*>
1029,81110,221932,19,INFO,dfs.FSNamesystem,BLOCK* ask 10.251.122.79:50010 to delete  blk_8048594464172649365,E4,BLOCK* ask <*>:<*> to delete <*>
1034,81110,222221,15824,INFO,dfs.DataNode$PacketResponder,PacketResponder 1 for block blk_8971893898579544235 terminating,E10,PacketResponder <*> for block <*> terminating
1037,81110,222455,16220,INFO,dfs.DataNode$PacketResponder,Received block blk_4294115716822011564 of size 67108864 from /10.251.43.210,E11,Received block <*> of size <*> from <*>
1038,81110,222459,35,INFO,dfs.FSNamesystem,BLOCK* NameSystem.addStoredBlock: blockMap updated: 10.251.39.160:50010 is added to blk_1865953191447352631 size 67108864,E6,BLOCK* NameSystem.addStoredBlock: blockMap updated: <*>:<*> is added to <*> size <*>
1046,81110,222951,30,INFO,dfs.FSNamesystem,BLOCK* NameSystem.addStoredBlock: blockMap updated: 10.251.122.38:50010 is added to blk_-5861348317118763621 size 28500222,E6,BLOCK* NameSystem.addStoredBlock: blockMap updated: <*>:<*> is added to <*> size <*>
1047,81110,223000,16174,INFO,dfs.DataNode$PacketResponder,Received block blk_5174461779237739025 of size 67108864 from /10.250.14.143,E11,Received block <*> of size <*> from <*>
1048,81110,223002,15950,INFO,dfs.DataNode$DataXceiver,Receiving block blk_1463530401988623658 src: /10.251.111.37:41293 dest: /10.251.111.37:50010,E13,Receiving block <*> src: <*>:<*> dest: <*>:<*>
1053,81110,223311,16266,INFO,dfs.DataNode$DataXceiver,Receiving block blk_4599950495841528213 src: /10.251.194.102:59433 dest: /10.251.194.102:50010,E13,Receiving block <*> src: <*>:<*> dest: <*>:<*>
1058,81110,223833,16297,INFO,dfs.DataNode$DataXceiver,Receiving block blk_-7815259387557421424 src: /10.250.13.240:50649 dest: /10.250.13.240:50010,E13,Receiving block <*> src: <*>:<*> dest: <*>:<*>
1065,81110,224212,29,INFO,dfs.FSNamesystem,BLOCK* NameSystem.addStoredBlock: blockMap updated: 10.251.106.50:50010 is added to blk_-2023442822091562967 size 67108864,E6,BLOCK* NameSystem.addStoredBlock: blockMap updated: <*>:<*> is added to <*> size <*>
1067,81110,224338,31,INFO,dfs.FSNamesystem,BLOCK* NameSystem.addStoredBlock: blockMap updated: 10.251.199.159:50010 is added to blk_7705518309270121951 size 67108864,E6,BLOCK* NameSystem.addStoredBlock: blockMap updated: <*>:<*> is added to <*> size <*>
1069,81110,224504,31,INFO,dfs.FSNamesystem,BLOCK* NameSystem.addStoredBlock: blockMap updated: 10.250.7.32:50010 is added to blk_3849239820458663566 size 67108864,E6,BLOCK* NameSystem.addStoredBlock: blockMap updated: <*>:<*> is added to <*> size <*>
1077,81110,224817,16597,INFO,dfs.DataNode$PacketResponder,PacketResponder 2 for block blk_2691304991047255190 terminating,E10,PacketResponder <*> for block <*> terminating
1087,81110,225423,16747,INFO,dfs.DataNode$PacketResponder,Received block blk_-1956140031907143783 of size 67108864 from /10.251.70.112,E11,Received block <*> of size <*> from <*>
1088,81110,225642,16655,INFO,dfs.DataNode$PacketResponder,Received block blk_7534378757788640871 of size 67108864 from /10.251.214.130,E11,Received block <*> of size <*> from <*>
1106,81110,230859,26,INFO,dfs.FSNamesystem,BLOCK* NameSystem.addStoredBlock: blockMap updated: 10.251.38.53:50010 is added to blk_7430820184211246929 size 67108864,E6,BLOCK* NameSystem.addStoredBlock: blockMap updated: <*>:<*> is added to <*> size <*>
1115,81110,235445,16879,INFO,dfs.DataNode$DataXceiver,10.251.127.243:50010 Served block blk_8711213005689112399 to /10.251.74.134,E1,<*>:<*> Served block <*> to <*>
1116,81111,37,17163,INFO,dfs.DataNode$DataXceiver,10.251.195.70:50010 Served block blk_-3696162841836791939 to /10.251.195.70,E1,<*>:<*> Served block <*> to <*>
1118,81111,932,16928,INFO,dfs.DataNode$DataXceiver,10.251.90.64:50010 Served block blk_-657087263710195616 to /10.250.14.196,E1,<*>:<*> Served block <*> to <*>
1148,81111,23033,27,INFO,dfs.FSNamesystem,BLOCK* NameSystem.delete: blk_-3681974396824196300 is added to invalidSet of 10.250.17.177:50010,E8,BLOCK* NameSystem.delete: <*> is added to invalidSet of <*>:<*>
1149,81111,23037,27,INFO,dfs.FSNamesystem,BLOCK* NameSystem.delete: blk_2736251498135196075 is added to invalidSet of 10.251.90.64:50010,E8,BLOCK* NameSystem.delete: <*> is added to invalidSet of <*>:<*>
1151,81111,23039,27,INFO,dfs.FSNamesystem,BLOCK* NameSystem.delete: blk_3428998332517532825 is added to invalidSet of 10.251.43.192:50010,E8,BLOCK* NameSystem.delete: <*> is added to invalidSet of <*>:<*>
1154,81111,23156,19,INFO,dfs.FSDataset,Deleting block blk_-5429479049793046826 file /mnt/hadoop/dfs/data/current/subdir34/blk_-5429479049793046826,E9,Deleting block <*> file <*>
1161,81111,23234,19,INFO,dfs.FSDataset,Deleting block blk_4365203784873840210 file /mnt/hadoop/dfs/data/current/subdir1/blk_4365203784873840210,E9,Deleting block <*> file <*>
1162,81111,23243,19,INFO,dfs.FSDataset,Deleting block blk_1920931690498309324 file /mnt/hadoop/dfs/data/current/subdir42/blk_1920931690498309324,E9,Deleting block <*> file <*>
1167,81111,23248,19,INFO,dfs.FSDataset,Deleting block blk_6675564098604634452 file /mnt/hadoop/dfs/data/current/subdir1/blk_6675564098604634452,E9,Deleting block <*> file <*>
1172,81111,23304,18,INFO,dfs.FSDataset,Deleting block blk_4713539908695785630 file /mnt/hadoop/dfs/data/current/subdir39/blk_4713539908695785630,E9,Deleting block <*> file <*>
1187,81111,24742,17976,INFO,dfs.DataNode$DataXceiver,Receiving block blk_-4526931594457272384 src: /10.251.43.147:40348 dest: /10.251.43.147:50010,E13,Receiving block <*> src: <*>:<*> dest: <*>:<*>
1189,81111,24901,18086,INFO,dfs.DataNode$DataXceiver,Receiving block blk_-11867600358649678 src: /10.251.75.79:46421 dest: /10.251.75.79:50010,E13,Receiving block <*> src: <*>:<*> dest: <*>:<*>
1192,81111,25101,18187,INFO,dfs.DataNode$PacketResponder,Received block blk_5062112794659861146 of size 67108864 from /10.251.91.84,E11,Received block <*> of size <*> from <*>
1198,81111,25607,18122,INFO,dfs.DataNode$PacketResponder,PacketResponder 2 for block blk_1155029843511109085 terminating,E10,PacketResponder <*> for block <*> terminating
1200,81111,25634,28,INFO,dfs.FSNamesystem,BLOCK* NameSystem.addStoredBlock: blockMap updated: 10.251.214.67:50010 is added to blk_-1417908110808566576 size 67108864,E6,BLOCK* NameSystem.addStoredBlock: blockMap updated: <*>:<*> is added to <*> size <*>
1211,81111,30225,27,INFO,dfs.FSNamesystem,BLOCK* NameSystem.addStoredBlock: blockMap updated: 10.251.127.47:50010 is added to blk_-6555060221133060529 size 67108864,E6,BLOCK* NameSystem.addStoredBlock: blockMap updated: <*>:<*> is added to <*> size <*>
1212,81111,30233,18516,INFO,dfs.DataNode$DataXceiver,Receiving block blk_9076677650086747187 src: /10.251.35.1:52094 dest: /10.251.35.1:50010,E13,Receiving block <*> src: <*>:<*> dest: <*>:<*>
1215,81111,30300,34,INFO,dfs.FSNamesystem,BLOCK* NameSystem.addStoredBlock: blockMap updated: 10.250.15.240:50010 is added to blk_-7637577152926063076 size 67108864,E6,BLOCK* NameSystem.addStoredBlock: blockMap updated: <*>:<*> is added to <*> size <*>
1228,81111,31106,18346,INFO,dfs.DataNode$DataXceiver,Receiving block blk_-7678242108759603056 src: /10.251.125.193:33553 dest: /10.251.125.193:50010,E13,Receiving block <*> src: <*>:<*> dest: <*>:<*>
1231,81111,31258,26,INFO,dfs.FSNamesystem,BLOCK* NameSystem.addStoredBlock: blockMap updated: 10.250.11.100:50010 is added to blk_3222673463853349950 size 67108864,E6,BLOCK* NameSystem.addStoredBlock: blockMap updated: <*>:<*> is added to <*> size <*>
1232,81111,31307,18432,INFO,dfs.DataNode$PacketResponder,PacketResponder 2 for block blk_-3183355402229300197 terminating,E10,PacketResponder <*> for block <*> terminating
1233,81111,31334,30,INFO,dfs.FSNamesystem,BLOCK* NameSystem.addStoredBlock: blockMap updated: 10.251.26.8:50010 is added to blk_-5963475042722370536 size 67108864,E6,BLOCK* NameSystem.addStoredBlock: blockMap updated: <*>:<*> is added to <*> size <*>
1238,81111,31730,18310,INFO,dfs.DataNode$PacketResponder,PacketResponder 1 for block blk_-4633546693082073737 terminating,E10,PacketResponder <*> for block <*> terminating
1241,81111,31900,18547,INFO,dfs.DataNode$PacketResponder,Received block blk_566413670355737377 of size 67108864 from /10.251.122.79,E11,Received block <*> of size <*> from <*>
1246,81111,32357,33,INFO,dfs.FSNamesystem,BLOCK* NameSystem.allocateBlock: /user/root/rand4/_temporary/_task_200811101024_0009_m_001574_0/part-01574. blk_-7458279618877678162,E7,BLOCK* NameSystem.allocateBlock: <*> <*>
1253,81111,32825,18758,INFO,dfs.DataNode$PacketResponder,PacketResponder 2 for block blk_-6695620358347030339 terminating,E10,PacketResponder <*> for block <*> terminating
1255,81111,32900,18814,INFO,dfs.DataNode$DataXceiver,Receiving block blk_7924393760966842810 src: /10.251.202.209:59148 dest: /10.251.202.209:50010,E13,Receiving block <*> src: <*>:<*> dest: <*>:<*>
1261,81111,33444,18940,INFO,dfs.DataNode$DataXceiver,Receiving block blk_-1690784932539647416 src: /10.251.31.180:50205 dest: /10.251.31.180:50010,E13,Receiving block <*> src: <*>:<*> dest: <*>:<*>
1263,81111,33819,33,INFO,dfs.FSNamesystem,BLOCK* NameSystem.delete: blk_-1525964299678787959 is added to invalidSet of 10.251.37.240:50010,E8,BLOCK* NameSystem.delete: <*> is added to invalidSet of <*>:<*>
1267,81111,33925,18906,INFO,dfs.DataNode$PacketResponder,PacketResponder 2 for block blk_-1649239999940418046 terminating,E10,PacketResponder <*> for block <*> terminating
1268,81111,33927,19172,INFO,dfs.DataNode$PacketResponder,Received block blk_6880728743505526406 of size 67108864 from /10.251.197.226,E11,Received block <*> of size <*> from <*>
1274,81111,34351,18690,INFO,dfs.DataNode$PacketResponder,Received block blk_-577659324269246113 of size 67108864 from /10.251.203.179,E11,Received block <*> of size <*> from <*>
1283,81111,35113,19229,INFO,dfs.DataNode$DataXceiver,Receiving block blk_2080318574920472813 src: /10.251.39.64:40530 dest: /10.251.39.64:50010,E13,Receiving block <*> src: <*>:<*> dest: <*>:<*>
1287,81111,35417,19387,INFO,dfs.DataNode$PacketResponder,PacketResponder 2 for block blk_-633826175832239328 terminating,E10,PacketResponder <*> for block <*> terminating
1292,81111,35915,19117,INFO,dfs.DataNode$PacketResponder,PacketResponder 2 for block blk_5115892145206906855 terminating,E10,PacketResponder <*> for block <*> terminating
1294,81111,35957,19217,INFO,dfs.DataNode$PacketResponder,Received block blk_-420564586555502239 of size 67108864 from /10.251.90.64,E11,Received block <*> of size <*> from <*>
1297,81111,40251,19350,INFO,dfs.DataNode$PacketResponder,PacketResponder 0 for block blk_-3025440686907267472 terminating,E10,PacketResponder <*> for block <*> terminating
1308,81111,40658,27,INFO,dfs.FSNamesystem,BLOCK* NameSystem.addStoredBlock: blockMap updated: 10.251.105.189:50010 is added to blk_4812792845864526586 size 67108864,E6,BLOCK* NameSystem.addStoredBlock: blockMap updated: <*>:<*> is added to <*> size <*>
1315,81111,41111,27,INFO,dfs.FSNamesystem,BLOCK* NameSystem.addStoredBlock: blockMap updated: 10.251.65.203:50010 is added to blk_-1332315107905285608 size 67108864,E6,BLOCK* NameSystem.addStoredBlock: blockMap updated: <*>:<*> is added to <*> size <*>
1319,81111,41349,26,INFO,dfs.FSNamesystem,BLOCK* NameSystem.addStoredBlock: blockMap updated: 10.251.74.134:50010 is added to blk_2740792916077430444 size 28482383,E6,BLOCK* NameSystem.addStoredBlock: blockMap updated: <*>:<*> is added to <*> size <*>
1329,81111,42009,19800,INFO,dfs.DataNode$PacketResponder,PacketResponder 1 for block blk_1927336911952959118 terminating,E10,PacketResponder <*> for block <*> terminating
1330,81111,42024,28,INFO,dfs.FSNamesystem,BLOCK* NameSystem.addStoredBlock: blockMap updated: 10.251.203.166:50010 is added to blk_-2332150303475653460 size 67108864,E6,BLOCK* NameSystem.addStoredBlock: blockMap updated: <*>:<*> is added to <*> size <*>
1331,81111,42042,19757,INFO,dfs.DataNode$PacketResponder,PacketResponder 2 for block blk_2111886617384066018 terminating,E10,PacketResponder <*> for block <*> terminating
1334,81111,42353,19811,INFO,dfs.DataNode$PacketResponder,PacketResponder 2 for block blk_6918427074195439966 terminating,E10,PacketResponder <*> for block <*> terminating
1336,81111,42427,30,INFO,dfs.FSNamesystem,BLOCK* NameSystem.addStoredBlock: blockMap updated: 10.251.31.5:50010 is added to blk_5813361416484537967 size 67108864,E6,BLOCK* NameSystem.addStoredBlock: blockMap updated: <*>:<*> is added to <*> size <*>
1338,81111,42457,19726,INFO,dfs.DataNode$PacketResponder,PacketResponder 0 for block blk_-7778922135767840250 terminating,E10,PacketResponder <*> for block <*> terminating
1345,81111,43132,32,INFO,dfs.FSNamesystem,BLOCK* NameSystem.allocateBlock: /user/root/randtxt4/_temporary/_task_200811101024_0010_m_001716_0/part-01716. blk_-2051219911597308805,E7,BLOCK* NameSystem.allocateBlock: <*> <*>
1356,81111,44304,35,INFO,dfs.FSNamesystem,BLOCK* NameSystem.delete: blk_2259206517962925438 is added to invalidSet of 10.251.215.16:50010,E8,BLOCK* NameSystem.delete: <*> is added to invalidSet of <*>:<*>
1365,81111,44318,35,INFO,dfs.FSNamesystem,BLOCK* NameSystem.delete: blk_-765820154946060546 is added to invalidSet of 10.251.65.203:50010,E8,BLOCK* NameSystem.delete: <*> is added to invalidSet of <*>:<*>
1368,81111,44328,29,INFO,dfs.FSNamesystem,BLOCK* NameSystem.delete: blk_-328970571549408286 is added to invalidSet of 10.251.214.32:50010,E8,BLOCK* NameSystem.delete: <*> is added to invalidSet of <*>:<*>
1373,81111,44337,13,INFO,dfs.DataBlockScanner,Verification succeeded for blk_-6160667975382232149,E14,Verification succeeded for <*>
1381,81111,44351,29,INFO,dfs.FSNamesystem,BLOCK* NameSystem.delete: blk_-1573544581830458089 is added to invalidSet of 10.251.122.65:50010,E8,BLOCK* NameSystem.delete: <*> is added to invalidSet of <*>:<*>
1391,81111,44612,19,INFO,dfs.FSDataset,Deleting block blk_-6350492516478706425 file /mnt/hadoop/dfs/data/current/subdir36/blk_-6350492516478706425,E9,Deleting block <*> file <*>
1398,81111,44650,19,INFO,dfs.FSDataset,Deleting block blk_-4844505495441326897 file /mnt/hadoop/dfs/data/current/subdir36/blk_-4844505495441326897,E9,Deleting block <*> file <*>
1400,81111,44654,19,INFO,dfs.FSDataset,Deleting block blk_-5014786445735476734 file /mnt/hadoop/dfs/data/current/subdir9/blk_-5014786445735476734,E9,Deleting block <*> file <*>
1404,81111,44716,19,INFO,dfs.FSDataset,Deleting block blk_352185875883785141 file /mnt/hadoop/dfs/data/current/subdir44/blk_352185875883785141,E9,Deleting block <*> file <*>
1426,81111,45614,20587,INFO,dfs.DataNode$DataXceiver,Receiving block blk_9131004320470011870 src: /10.251.123.132:52815 dest: /10.251.123.132:50010,E13,Receiving block <*> src: <*>:<*> dest: <*>:<*>
1427,81111,45623,31,INFO,dfs.FSNamesystem,BLOCK* NameSystem.allocateBlock: /user/root/rand5/_temporary/_task_200811101024_0011_m_000040_0/part-00040. blk_1253515519191706153,E7,BLOCK* NameSystem.allocateBlock: <*> <*>
1442,81111,50426,26,INFO,dfs.FSNamesystem,BLOCK* NameSystem.addStoredBlock: blockMap updated: 10.250.15.101:50010 is added to blk_-5352085087037370841 size 67108864,E6,BLOCK* NameSystem.addStoredBlock: blockMap updated: <*>:<*> is added to <*> size <*>
1444,81111,50710,20499,INFO,dfs.DataNode$PacketResponder,PacketResponder 2 for block blk_-2268450354164990110 terminating,E10,PacketResponder <*> for block <*> terminating
1454,81111,51555,27,INFO,dfs.FSNamesystem,BLOCK* NameSystem.addStoredBlock: blockMap updated: 10.251.42.16:50010 is added to blk_-3253005280055520211 size 67108864,E6,BLOCK* NameSystem.addStoredBlock: blockMap updated: <*>:<*> is added to <*> size <*>
1461,81111,52348,31,INFO,dfs.FSNamesystem,BLOCK* NameSystem.addStoredBlock: blockMap updated: 10.251.90.239:50010 is added to blk_-2281067667503210140 size 67108864,E6,BLOCK* NameSystem.addStoredBlock: blockMap updated: <*>:<*> is added to <*> size <*>
1463,81111,52633,21162,INFO,dfs.DataNode$PacketResponder,PacketResponder 0 for block blk_2040222317555585426 terminating,E10,PacketResponder <*> for block <*> terminating
1469,81111,52853,20914,INFO,dfs.DataNode$PacketResponder,Received block blk_7413830214932763926 of size 67108864 from /10.251.125.174,E11,Received block <*> of size <*> from <*>
1471,81111,53010,30,INFO,dfs.FSNamesystem,BLOCK* NameSystem.allocateBlock: /user/root/rand5/_temporary/_task_200811101024_0011_m_001408_0/part-01408. blk_6601059760261449131,E7,BLOCK* NameSystem.allocateBlock: <*> <*>
1472,81111,53158,21003,INFO,dfs.DataNode$DataXceiver,Receiving block blk_-5439682406172672049 src: /10.251.42.207:36091 dest: /10.251.42.207:50010,E13,Receiving block <*> src: <*>:<*> dest: <*>:<*>
1499,81111,55640,28,INFO,dfs.FSNamesystem,BLOCK* NameSystem.addStoredBlock: blockMap updated: 10.250.7.32:50010 is added to blk_-2125743956855238111 size 67108864,E6,BLOCK* NameSystem.addStoredBlock: blockMap updated: <*>:<*> is added to <*> size <*>
1505,81111,60244,28,INFO,dfs.FSNamesystem,BLOCK* NameSystem.addStoredBlock: blockMap updated: 10.251.197.226:50010 is added to blk_7275457888263057111 size 67108864,E6,BLOCK* NameSystem.addStoredBlock: blockMap updated: <*>:<*> is added to <*> size <*>
1509,81111,61202,22063,INFO,dfs.DataNode$PacketResponder,Received block blk_1489031087420498797 of size 67108864 from /10.251.71.193,E11,Received block <*> of size <*> from <*>
1522,81111,62002,21694,INFO,dfs.DataNode$PacketResponder,PacketResponder 2 for block blk_-8389657728641837382 terminating,E10,PacketResponder <*> for block <*> terminating
1527,81111,62311,35,INFO,dfs.FSNamesystem,BLOCK* NameSystem.addStoredBlock: blockMap updated: 10.251.66.102:50010 is added to blk_-1932467763723526131 size 67108864,E6,BLOCK* NameSystem.addStoredBlock: blockMap updated: <*>:<*> is added to <*> size <*>
1528,81111,62353,22087,INFO,dfs.DataNode$DataXceiver,Receiving block blk_-8834022217832819265 src: /10.251.105.189:53216 dest: /10.251.105.189:50010,E13,Receiving block <*> src: <*>:<*> dest: <*>:<*>
1535,81111,63241,22074,INFO,dfs.DataNode$PacketResponder,Received block blk_-3436382429367583573 of size 67108864 from /10.251.107.19,E11,Received block <*> of size <*> from <*>
1541,81111,63402,33,INFO,dfs.FSNamesystem,BLOCK* NameSystem.addStoredBlock: blockMap updated: 10.251.75.143:50010 is added to blk_-1379379987510648393 size 67108864,E6,BLOCK* NameSystem.addStoredBlock: blockMap updated: <*>:<*> is added to <*> size <*>
1551,81111,64106,33,INFO,dfs.FSNamesystem,BLOCK* NameSystem.allocateBlock: /user/root/randtxt5/_temporary/_task_200811101024_0012_m_001709_0/part-01709. blk_6054235487623373096,E7,BLOCK* NameSystem.allocateBlock: <*> <*>
1552,81111,64209,22299,INFO,dfs.DataNode$PacketResponder,PacketResponder 2 for block blk_-7256345477493725857 terminating,E10,PacketResponder <*> for block <*> terminating
1560,81111,64835,22032,INFO,dfs.DataNode$DataXceiver,Receiving block blk_8201813022998766557 src: /10.251.203.4:51404 dest: /10.251.203.4:50010,E13,Receiving block <*> src: <*>:<*> dest: <*>:<*>
1565,81111,65211,26,INFO,dfs.FSNamesystem,BLOCK* NameSystem.delete: blk_5580254744888391593 is added to invalidSet of 10.251.201.204:50010,E8,BLOCK* NameSystem.delete: <*> is added to invalidSet of <*>:<*>
1568,81111,65218,26,INFO,dfs.FSNamesystem,BLOCK* NameSystem.delete: blk_5689009809369418749 is added to invalidSet of 10.251.91.84:50010,E8,BLOCK* NameSystem.delete: <*> is added to invalidSet of <*>:<*>
1571,81111,65224,26,INFO,dfs.FSNamesystem,BLOCK* NameSystem.delete: blk_2657997043417110888 is added to invalidSet of 10.250.13.240:50010,E8,BLOCK* NameSystem.delete: <*> is added to invalidSet of <*>:<*>
1573,81111,65225,26,INFO,dfs.FSNamesystem,BLOCK* NameSystem.delete: blk_-719470845056640928 is added to invalidSet of 10.251.90.64:50010,E8,BLOCK* NameSystem.delete: <*> is added to invalidSet of <*>:<*>
1585,81111,65420,19,INFO,dfs.FSDataset,Deleting block blk_-1312981516354612257 file /mnt/hadoop/dfs/data/current/subdir29/blk_-1312981516354612257,E9,Deleting block <*> file <*>
1589,81111,65435,19,INFO,dfs.FSDataset,Deleting block blk_1587615395786683981 file /mnt/hadoop/dfs/data/current/subdir14/blk_1587615395786683981,E9,Deleting block <*> file <*>
1596,81111,65500,19,INFO,dfs.FSDataset,Deleting block blk_8102707766842966459 file /mnt/hadoop/dfs/data/current/subdir29/blk_8102707766842966459,E9,Deleting block <*> file <*>
1602,81111,65515,19,INFO,dfs.FSDataset,Deleting block blk_6077744985764117617 file /mnt/hadoop/dfs/data/current/subdir17/blk_6077744985764117617,E9,Deleting block <*> file <*>
1610,81111,65920,34,INFO,dfs.FSNamesystem,BLOCK* NameSystem.allocateBlock: /user/root/rand6/_temporary/_task_200811101024_0013_m_000197_0/part-00197. blk_1832308388558480,E7,BLOCK* NameSystem.allocateBlock: <*> <*>
1624,81111,70635,22203,INFO,dfs.DataNode$PacketResponder,PacketResponder 0 for block blk_-7937864120968665564 terminating,E10,PacketResponder <*> for block <*> terminating
1626,81111,70823,22537,INFO,dfs.DataNode$PacketResponder,Received block blk_7830067201550857864 of size 67108864 from /10.251.105.189,E11,Received block <*> of size <*> from <*>
1631,81111,70928,23133,INFO,dfs.DataNode$DataXceiver,Receiving block blk_2377944115560974127 src: /10.251.75.163:55681 dest: /10.251.75.163:50010,E13,Receiving block <*> src: <*>:<*> dest: <*>:<*>
1634,81111,71037,21663,INFO,dfs.DataNode$PacketResponder,PacketResponder 1 for block blk_-7269672042149855641 terminating,E10,PacketResponder <*> for block <*> terminating
1638,81111,71331,22956,INFO,dfs.DataNode$PacketResponder,Received block blk_-1522107359378428427 of size 67108864 from /10.251.125.174,E11,Received block <*> of size <*> from <*>
1647,81111,72053,23570,INFO,dfs.DataNode$PacketResponder,PacketResponder 1 for block blk_2096030750186708493 terminating,E10,PacketResponder <*> for block <*> terminating
1651,81111,72300,32,INFO,dfs.FSNamesystem,BLOCK* NameSystem.addStoredBlock: blockMap updated: 10.250.17.177:50010 is added to blk_4385764838827095986 size 3541872,E6,BLOCK* NameSystem.addStoredBlock: blockMap updated: <*>:<*> is added to <*> size <*>
1666,81111,72949,23644,INFO,dfs.DataNode$PacketResponder,PacketResponder 2 for block blk_1508705816376906895 terminating,E10,PacketResponder <*> for block <*> terminating
1674,81111,73302,23438,INFO,dfs.DataNode$PacketResponder,Received block blk_-7207514537719465756 of size 67108864 from /10.251.75.143,E11,Received block <*> of size <*> from <*>
1679,81111,73441,17869,INFO,dfs.DataNode$DataXceiver,Receiving block blk_-7293871043749246063 src: /10.251.193.175:59757 dest: /10.251.193.175:50010,E13,Receiving block <*> src: <*>:<*> dest: <*>:<*>
1686,81111,73914,23367,INFO,dfs.DataNode$PacketResponder,Received block blk_-7380871572601322244 of size 67108864 from /10.251.121.224,E11,Received block <*> of size <*> from <*>
1689,81111,74108,23144,INFO,dfs.DataNode$PacketResponder,Received block blk_155320394753274773 of size 67108864 from /10.251.201.204,E11,Received block <*> of size <*> from <*>
1698,81111,74955,23635,INFO,dfs.DataNode$PacketResponder,PacketResponder 0 for block blk_-6525012344542022819 terminating,E10,PacketResponder <*> for block <*> terminating
1703,81111,75151,23925,INFO,dfs.DataNode$DataXceiver,Receiving block blk_-7623732795385061487 src: /10.251.122.65:40641 dest: /10.251.122.65:50010,E13,Receiving block <*> src: <*>:<*> dest: <*>:<*>
1704,81111,75158,33,INFO,dfs.FSNamesystem,BLOCK* NameSystem.allocateBlock: /user/root/rand6/_temporary/_task_200811101024_0013_m_002009_1/part-02009. blk_-7367386750462511488,E7,BLOCK* NameSystem.allocateBlock: <*> <*>
1710,81111,75616,28,INFO,dfs.FSNamesystem,BLOCK* NameSystem.delete: blk_4471044334742081825 is added to invalidSet of 10.250.15.198:50010,E8,BLOCK* NameSystem.delete: <*> is added to invalidSet of <*>:<*>
1712,81111,75623,28,INFO,dfs.FSNamesystem,BLOCK* NameSystem.delete: blk_-75893538967225087 is added to invalidSet of 10.250.15.198:50010,E8,BLOCK* NameSystem.delete: <*> is added to invalidSet of <*>:<*>
1719,81111,75636,28,INFO,dfs.FSNamesystem,BLOCK* NameSystem.delete: blk_3735517274901501821 is added to invalidSet of 10.250.6.4:50010,E8,BLOCK* NameSystem.delete: <*> is added to invalidSet of <*>:<*>
1723,81111,75657,23748,INFO,dfs.DataNode$DataXceiver,Receiving block blk_7996616083434301906 src: /10.251.123.195:53947 dest: /10.251.123.195:50010,E13,Receiving block <*> src: <*>:<*> dest: <*>:<*>
1729,81111,75759,19,INFO,dfs.FSDataset,Deleting block blk_-4352313989800650828 file /mnt/hadoop/dfs/data/current/subdir56/blk_-4352313989800650828,E9,Deleting block <*> file <*>
1730,81111,75809,19,INFO,dfs.FSDataset,Deleting block blk_-6292499669518281202 file /mnt/hadoop/dfs/data/current/subdir26/blk_-6292499669518281202,E9,Deleting block <*> file <*>
1738,81111,75854,19,INFO,dfs.FSDataset,Deleting block blk_5806397523737304814 file /mnt/hadoop/dfs/data/current/subdir34/blk_5806397523737304814,E9,Deleting block <*> file <*>
1741,81111,75902,19,INFO,dfs.FSDataset,Deleting block blk_-1800458850981311953 file /mnt/hadoop/dfs/data/current/subdir57/blk_-1800458850981311953,E9,Deleting block <*> file <*>
1746,81111,75915,19,INFO,dfs.FSDataset,Deleting block blk_7985460426680885040 file /mnt/hadoop/dfs/data/current/blk_7985460426680885040,E9,Deleting block <*> file <*>
1781,81111,82039,28,INFO,dfs.FSNamesystem,BLOCK* NameSystem.addStoredBlock: blockMap updated: 10.251.66.3:50010 is added to blk_-4970213618915792510 size 67108864,E6,BLOCK* NameSystem.addStoredBlock: blockMap updated: <*>:<*> is added to <*> size <*>
1791,81111,82952,24363,INFO,dfs.DataNode$PacketResponder,Received block blk_5813923864071791162 of size 67108864 from /10.251.125.193,E11,Received block <*> of size <*> from <*>
1799,81111,83338,31,INFO,dfs.FSNamesystem,BLOCK* NameSystem.addStoredBlock: blockMap updated: 10.251.203.129:50010 is added to blk_6170586659371027531 size 67108864,E6,BLOCK* NameSystem.addStoredBlock: blockMap updated: <*>:<*> is added to <*> size <*>
1801,81111,83426,35,INFO,dfs.FSNamesystem,BLOCK* NameSystem.addStoredBlock: blockMap updated: 10.251.123.33:50010 is added to blk_1447281351164457761 size 67108864,E6,BLOCK* NameSystem.addStoredBlock: blockMap updated: <*>:<*> is added to <*> size <*>
1806,81111,83742,24575,INFO,dfs.DataNode$DataXceiver,Receiving block blk_5983149244832683042 src: /10.251.42.191:52748 dest: /10.251.42.191:50010,E13,Receiving block <*> src: <*>:<*> dest: <*>:<*>
1824,81111,84728,31,INFO,dfs.FSNamesystem,BLOCK* NameSystem.allocateBlock: /user/root/rand7/_temporary/_task_200811101024_0014_m_001649_0/part-01649. blk_-5581540863377925517,E7,BLOCK* NameSystem.allocateBlock: <*> <*>
1836,81111,85429,25314,INFO,dfs.DataNode$PacketResponder,Received block blk_-6719337521981113643 of size 3538321 from /10.250.15.198,E11,Received block <*> of size <*> from <*>
1837,81111,85432,34,INFO,dfs.FSNamesystem,BLOCK* NameSystem.addStoredBlock: blockMap updated: 10.251.197.226:50010 is added to blk_-23492739449820023 size 67108864,E6,BLOCK* NameSystem.addStoredBlock: blockMap updated: <*>:<*> is added to <*> size <*>
1846,81111,85907,27,INFO,dfs.FSNamesystem,BLOCK* NameSystem.delete: blk_2060553104861908174 is added to invalidSet of 10.251.201.204:50010,E8,BLOCK* NameSystem.delete: <*> is added to invalidSet of <*>:<*>
1848,81111,85910,27,INFO,dfs.FSNamesystem,BLOCK* NameSystem.delete: blk_-8863130543753323383 is added to invalidSet of 10.251.123.1:50010,E8,BLOCK* NameSystem.delete: <*> is added to invalidSet of <*>:<*>
1852,81111,85912,27,INFO,dfs.FSNamesystem,BLOCK* NameSystem.delete: blk_-7709713535298137702 is added to invalidSet of 10.251.215.50:50010,E8,BLOCK* NameSystem.delete: <*> is added to invalidSet of <*>:<*>
1861,81111,85924,27,INFO,dfs.FSNamesystem,BLOCK* NameSystem.delete: blk_-793506372912437289 is added to invalidSet of 10.250.17.225:50010,E8,BLOCK* NameSystem.delete: <*> is added to invalidSet of <*>:<*>
1865,81111,90031,19,INFO,dfs.FSDataset,Deleting block blk_-8131422413299851907 file /mnt/hadoop/dfs/data/current/subdir46/blk_-8131422413299851907,E9,Deleting block <*> file <*>
1876,81111,90139,19,INFO,dfs.FSDataset,Deleting block blk_1824928871191121429 file /mnt/hadoop/dfs/data/current/subdir2/blk_1824928871191121429,E9,Deleting block <*> file <*>
1881,81111,90154,19,INFO,dfs.FSDataset,Deleting block blk_5701964561533648583 file /mnt/hadoop/dfs/data/current/subdir10/blk_5701964561533648583,E9,Deleting block <*> file <*>
1882,81111,90159,19,INFO,dfs.FSDataset,Deleting block blk_4007982883396598426 file /mnt/hadoop/dfs/data/current/subdir13/blk_4007982883396598426,E9,Deleting block <*> file <*>
1887,81111,90246,19,INFO,dfs.FSDataset,Deleting block blk_-4941547144875557718 file /mnt/hadoop/dfs/data/current/subdir61/blk_-4941547144875557718,E9,Deleting block <*> file <*>
1888,81111,90339,24904,INFO,dfs.DataNode$PacketResponder,PacketResponder 2 for block blk_6791628131402590260 terminating,E10,PacketResponder <*> for block <*> terminating
1892,81111,91027,25209,INFO,dfs.DataNode$PacketResponder,Received block blk_7330803663603700184 of size 67108864 from /10.251.42.246,E11,Received block <*> of size <*> from <*>
1895,81111,91317,31,INFO,dfs.FSNamesystem,BLOCK* NameSystem.addStoredBlock: blockMap updated: 10.250.11.100:50010 is added to blk_-1970947032352756307 size 67108864,E6,BLOCK* NameSystem.addStoredBlock: blockMap updated: <*>:<*> is added to <*> size <*>
1896,81111,91351,32,INFO,dfs.FSNamesystem,BLOCK* NameSystem.allocateBlock: /user/root/rand8/_temporary/_task_200811101024_0015_m_000737_0/part-00737. blk_5894088883762961800,E7,BLOCK* NameSystem.allocateBlock: <*> <*>
1898,81111,91555,25051,INFO,dfs.DataNode$DataXceiver,Receiving block blk_2583600095045026513 src: /10.250.15.67:59629 dest: /10.250.15.67:50010,E13,Receiving block <*> src: <*>:<*> dest: <*>:<*>
1900,81111,91728,33,INFO,dfs.FSNamesystem,BLOCK* NameSystem.addStoredBlock: blockMap updated: 10.251.39.160:50010 is added to blk_-3510473878877779134 size 67108864,E6,BLOCK* NameSystem.addStoredBlock: blockMap updated: <*>:<*> is added to <*> size <*>
1906,81111,92213,25595,INFO,dfs.DataNode$PacketResponder,PacketResponder 1 for block blk_8882415653769775762 terminating,E10,PacketResponder <*> for block <*> terminating
1909,81111,92425,25331,INFO,dfs.DataNode$DataXceiver,Receiving block blk_4820650745157199554 src: /10.251.127.243:49726 dest: /10.251.127.243:50010,E13,Receiving block <*> src: <*>:<*> dest: <*>:<*>
1913,81111,92720,27,INFO,dfs.FSNamesystem,BLOCK* NameSystem.addStoredBlock: blockMap updated: 10.251.42.207:50010 is added to blk_-6314365697827006048 size 67108864,E6,BLOCK* NameSystem.addStoredBlock: blockMap updated: <*>:<*> is added to <*> size <*>
1915,81111,92821,25409,INFO,dfs.DataNode$PacketResponder,PacketResponder 2 for block blk_5454423648092670683 terminating,E10,PacketResponder <*> for block <*> terminating
1916,81111,92915,25283,INFO,dfs.DataNode$PacketResponder,PacketResponder 1 for block blk_4565822428702518889 terminating,E10,PacketResponder <*> for block <*> terminating
1923,81111,93513,25793,INFO,dfs.DataNode$DataXceiver,Receiving block blk_-5057534532247887258 src: /10.250.5.237:45766 dest: /10.250.5.237:50010,E13,Receiving block <*> src: <*>:<*> dest: <*>:<*>
1924,81111,93550,25550,INFO,dfs.DataNode$PacketResponder,Received block blk_9103049989653819836 of size 67108864 from /10.250.10.223,E11,Received block <*> of size <*> from <*>
1925,81111,93657,25789,INFO,dfs.DataNode$DataXceiver,Receiving block blk_-4365612131648152536 src: /10.251.107.227:57736 dest: /10.251.107.227:50010,E13,Receiving block <*> src: <*>:<*> dest: <*>:<*>
1926,81111,93701,24237,INFO,dfs.DataNode$DataXceiver,Receiving block blk_3598226258881465924 src: /10.251.199.159:41752 dest: /10.251.199.159:50010,E13,Receiving block <*> src: <*>:<*> dest: <*>:<*>
1929,81111,93814,25929,INFO,dfs.DataNode$PacketResponder,Received block blk_-2934265883100282310 of size 67108864 from /10.251.39.144,E11,Received block <*> of size <*> from <*>
1930,81111,93823,25642,INFO,dfs.DataNode$PacketResponder,PacketResponder 2 for block blk_1259893634804870815 terminating,E10,PacketResponder <*> for block <*> terminating
1932,81111,93952,25849,INFO,dfs.DataNode$PacketResponder,Received block blk_-9167880724995702718 of size 67108864 from /10.251.214.225,E11,Received block <*> of size <*> from <*>
1934,81111,94052,25242,INFO,dfs.DataNode$DataXceiver,Receiving block blk_931297048899943584 src: /10.251.67.113:54324 dest: /10.251.67.113:50010,E13,Receiving block <*> src: <*>:<*> dest: <*>:<*>
1935,81111,94221,25770,INFO,dfs.DataNode$PacketResponder,PacketResponder 2 for block blk_2833019093942278701 terminating,E10,PacketResponder <*> for block <*> terminating
1937,81111,94331,26028,INFO,dfs.DataNode$PacketResponder,Received block blk_3386670145292909259 of size 67108864 from /10.251.110.68,E11,Received block <*> of size <*> from <*>
1942,81111,94825,35,INFO,dfs.FSNamesystem,BLOCK* NameSystem.allocateBlock: /user/root/rand8/_temporary/_task_200811101024_0015_m_001473_0/part-01473. blk_-4390972361898978900,E7,BLOCK* NameSystem.allocateBlock: <*> <*>
1943,81111,94832,26039,INFO,dfs.DataNode$PacketResponder,Received block blk_1190791818440776717 of size 67108864 from /10.251.43.147,E11,Received block <*> of size <*> from <*>
1944,81111,94918,25951,INFO,dfs.DataNode$PacketResponder,Received block blk_-7202857144668308473 of size 67108864 from /10.251.43.21,E11,Received block <*> of size <*> from <*>
1945,81111,94921,25993,INFO,dfs.DataNode$DataXceiver,Receiving block blk_5565611615515783341 src: /10.251.126.5:35656 dest: /10.251.126.5:50010,E13,Receiving block <*> src: <*>:<*> dest: <*>:<*>
1949,81111,95020,25962,INFO,dfs.DataNode$DataXceiver,Receiving block blk_-8571819028995448536 src: /10.251.197.226:34801 dest: /10.251.197.226:50010,E13,Receiving block <*> src: <*>:<*> dest: <*>:<*>
1951,81111,95039,35,INFO,dfs.FSNamesystem,BLOCK* NameSystem.allocateBlock: /user/root/rand8/_temporary/_task_200811101024_0015_m_001860_0/part-01860. blk_8716294289715825928,E7,BLOCK* NameSystem.allocateBlock: <*> <*>
1953,81111,95309,26010,INFO,dfs.DataNode$PacketResponder,PacketResponder 0 for block blk_406835586147450451 terminating,E10,PacketResponder <*> for block <*> terminating
1956,81111,95618,33,INFO,dfs.FSNamesystem,BLOCK* NameSystem.addStoredBlock: blockMap updated: 10.251.126.5:50010 is added to blk_4361294871479973840 size 67108864,E6,BLOCK* NameSystem.addStoredBlock: blockMap updated: <*>:<*> is added to <*> size <*>
1963,81111,95813,26362,INFO,dfs.DataNode$PacketResponder,Received block blk_-3702595599317472079 of size 67108864 from /10.251.25.237,E11,Received block <*> of size <*> from <*>
1975,81111,100646,26268,INFO,dfs.DataNode$DataXceiver,Receiving block blk_-7048088870427586736 src: /10.250.10.100:56512 dest: /10.250.10.100:50010,E13,Receiving block <*> src: <*>:<*> dest: <*>:<*>
1978,81111,100820,26329,INFO,dfs.DataNode$PacketResponder,PacketResponder 0 for block blk_2026200052147887341 terminating,E10,PacketResponder <*> for block <*> terminating
1992,81111,101356,26434,INFO,dfs.DataNode$PacketResponder,PacketResponder 0 for block blk_-9001895211102825241 terminating,E10,PacketResponder <*> for block <*> terminating
